route,agent,source,destination,path,path_cost_m,nodes_explored,execution_time_s
Reception of Calcutta University -> Library,PATHFINDER,Reception of Calcutta University,Library,Reception of Calcutta University -> Power Area -> CRNI Centre (Nano Technology) -> Garden Area -> Library,465.0,5,0.00002101
Reception of Calcutta University -> Library,ORBIT,Reception of Calcutta University,Library,Reception of Calcutta University -> Power Area -> CRNI Centre (Nano Technology) -> Garden Area -> Lift Area -> Library,425.0,11,0.00004032
"Canteen, CU Technology Campus -> New Building 2 (Workshop Building)",PATHFINDER,"Canteen, CU Technology Campus",New Building 2 (Workshop Building),"Canteen, CU Technology Campus -> Auditorium Hall -> New Building 2 (Workshop Building)",255.0,3,0.00000756
"Canteen, CU Technology Campus -> New Building 2 (Workshop Building)",ORBIT,"Canteen, CU Technology Campus",New Building 2 (Workshop Building),"Canteen, CU Technology Campus -> Auditorium Hall -> New Building 2 (Workshop Building)",255.0,7,0.00001192
Entry Gate 1 (G1) -> CSE Laboratory,PATHFINDER,Entry Gate 1 (G1),CSE Laboratory,Entry Gate 1 (G1) -> Reception of Calcutta University -> Power Area -> CRNI Centre (Nano Technology) -> Garden Area -> Lift Area -> CSE_Reflxon Room -> CSE Laboratory,575.0,8,0.00001472
Entry Gate 1 (G1) -> CSE Laboratory,ORBIT,Entry Gate 1 (G1),CSE Laboratory,Entry Gate 1 (G1) -> Reception of Calcutta University -> Power Area -> CRNI Centre (Nano Technology) -> Garden Area -> Lift Area -> CSE_Reflxon Room -> CSE Laboratory,575.0,15,0.00002389
Auditorium Hall -> CSE_AKC Seminar Hall,PATHFINDER,Auditorium Hall,CSE_AKC Seminar Hall,Auditorium Hall -> CRNI Centre (Nano Technology) -> Garden Area -> Lift Area -> CSE_AKC Seminar Hall,325.0,5,0.00001106
Auditorium Hall -> CSE_AKC Seminar Hall,ORBIT,Auditorium Hall,CSE_AKC Seminar Hall,Auditorium Hall -> CRNI Centre (Nano Technology) -> Garden Area -> Lift Area -> CSE_AKC Seminar Hall,325.0,12,0.00002239
"Library -> Canteen, CU Technology Campus",PATHFINDER,Library,"Canteen, CU Technology Campus","Library -> Garden Area -> CRNI Centre (Nano Technology) -> Power Area -> Canteen, CU Technology Campus",480.0,5,0.00001054
"Library -> Canteen, CU Technology Campus",ORBIT,Library,"Canteen, CU Technology Campus","Library -> Lift Area -> Garden Area -> CRNI Centre (Nano Technology) -> Power Area -> Canteen, CU Technology Campus",440.0,15,0.00002500
Entry Gate 4 (G4) -> New Building 2 (Workshop Building),PATHFINDER,Entry Gate 4 (G4),New Building 2 (Workshop Building),Entry Gate 4 (G4) -> Entry Gate 3 (G3) -> New Building 1 (Design Lab) -> New Building 2 (Workshop Building),350.0,4,0.00000600
Entry Gate 4 (G4) -> New Building 2 (Workshop Building),ORBIT,Entry Gate 4 (G4),New Building 2 (Workshop Building),Entry Gate 4 (G4) -> Entry Gate 3 (G3) -> New Building 1 (Design Lab) -> New Building 2 (Workshop Building),350.0,5,0.00000743
Power Area -> Library,PATHFINDER,Power Area,Library,Power Area -> CRNI Centre (Nano Technology) -> Garden Area -> Library,390.0,4,0.00000691
Power Area -> Library,ORBIT,Power Area,Library,Power Area -> CRNI Centre (Nano Technology) -> Garden Area -> Lift Area -> Library,350.0,11,0.00001756
Entry Gate 2 (G2) -> CSE_Reflxon Room,PATHFINDER,Entry Gate 2 (G2),CSE_Reflxon Room,Entry Gate 2 (G2) -> New Building 2 (Workshop Building) -> Garden Area -> Lift Area -> CSE_Reflxon Room,310.0,5,0.00000931
Entry Gate 2 (G2) -> CSE_Reflxon Room,ORBIT,Entry Gate 2 (G2),CSE_Reflxon Room,Entry Gate 2 (G2) -> New Building 2 (Workshop Building) -> Garden Area -> Lift Area -> CSE_Reflxon Room,310.0,8,0.00001461
